"DIA","MES","PERIODO","accidentes"
1,1,2014,72
2,1,2014,72
3,1,2014,90
4,1,2014,67
5,1,2014,63
6,1,2014,41
7,1,2014,97
8,1,2014,72
9,1,2014,86
10,1,2014,97
11,1,2014,93
12,1,2014,65
13,1,2014,106
14,1,2014,92
15,1,2014,115
16,1,2014,104
17,1,2014,111
18,1,2014,102
19,1,2014,61
20,1,2014,117
21,1,2014,103
22,1,2014,114
23,1,2014,101
24,1,2014,108
25,1,2014,93
26,1,2014,70
27,1,2014,138
28,1,2014,128
29,1,2014,93
30,1,2014,95
31,1,2014,142
1,2,2014,116
2,2,2014,62
3,2,2014,130
4,2,2014,108
5,2,2014,111
6,2,2014,134
7,2,2014,136
8,2,2014,91
9,2,2014,77
10,2,2014,151
11,2,2014,117
12,2,2014,129
13,2,2014,159
14,2,2014,111
15,2,2014,103
16,2,2014,71
17,2,2014,120
18,2,2014,118
19,2,2014,108
20,2,2014,120
21,2,2014,103
22,2,2014,111
23,2,2014,77
24,2,2014,123
25,2,2014,128
26,2,2014,95
27,2,2014,137
28,2,2014,133
1,3,2014,129
2,3,2014,72
3,3,2014,138
4,3,2014,127
5,3,2014,150
6,3,2014,127
7,3,2014,134
8,3,2014,113
9,3,2014,78
10,3,2014,119
11,3,2014,125
12,3,2014,142
13,3,2014,116
14,3,2014,136
15,3,2014,138
16,3,2014,84
17,3,2014,145
18,3,2014,132
19,3,2014,121
20,3,2014,143
21,3,2014,136
22,3,2014,107
23,3,2014,96
24,3,2014,92
25,3,2014,134
26,3,2014,117
27,3,2014,111
28,3,2014,149
29,3,2014,126
30,3,2014,93
31,3,2014,117
1,4,2014,126
2,4,2014,114
3,4,2014,143
4,4,2014,136
5,4,2014,141
6,4,2014,72
7,4,2014,131
8,4,2014,140
9,4,2014,129
10,4,2014,128
11,4,2014,138
12,4,2014,133
13,4,2014,88
14,4,2014,107
15,4,2014,133
16,4,2014,118
17,4,2014,59
18,4,2014,49
19,4,2014,51
20,4,2014,65
21,4,2014,112
22,4,2014,89
23,4,2014,130
24,4,2014,127
25,4,2014,124
26,4,2014,113
27,4,2014,78
28,4,2014,130
29,4,2014,106
30,4,2014,125
1,5,2014,83
2,5,2014,139
3,5,2014,120
4,5,2014,74
5,5,2014,118
6,5,2014,107
7,5,2014,131
8,5,2014,116
9,5,2014,109
10,5,2014,119
11,5,2014,93
12,5,2014,114
13,5,2014,125
14,5,2014,122
15,5,2014,110
16,5,2014,123
17,5,2014,127
18,5,2014,78
19,5,2014,155
20,5,2014,106
21,5,2014,136
22,5,2014,129
23,5,2014,124
24,5,2014,119
25,5,2014,90
26,5,2014,126
27,5,2014,112
28,5,2014,119
29,5,2014,110
30,5,2014,147
31,5,2014,114
1,6,2014,76
2,6,2014,68
3,6,2014,163
4,6,2014,124
5,6,2014,131
6,6,2014,141
7,6,2014,140
8,6,2014,81
9,6,2014,125
10,6,2014,111
11,6,2014,131
12,6,2014,106
13,6,2014,119
14,6,2014,135
15,6,2014,88
16,6,2014,114
17,6,2014,106
18,6,2014,121
19,6,2014,120
20,6,2014,113
21,6,2014,112
22,6,2014,91
23,6,2014,57
24,6,2014,119
25,6,2014,147
26,6,2014,110
27,6,2014,115
28,6,2014,107
29,6,2014,79
30,6,2014,69
1,7,2014,123
2,7,2014,120
3,7,2014,138
4,7,2014,121
5,7,2014,117
6,7,2014,75
7,7,2014,156
8,7,2014,112
9,7,2014,117
10,7,2014,113
11,7,2014,93
12,7,2014,95
13,7,2014,64
14,7,2014,133
15,7,2014,135
16,7,2014,120
17,7,2014,105
18,7,2014,117
19,7,2014,117
20,7,2014,78
21,7,2014,127
22,7,2014,123
23,7,2014,128
24,7,2014,115
25,7,2014,124
26,7,2014,127
27,7,2014,61
28,7,2014,139
29,7,2014,104
30,7,2014,117
31,7,2014,118
1,8,2014,130
2,8,2014,124
3,8,2014,83
4,8,2014,135
5,8,2014,138
6,8,2014,161
7,8,2014,71
8,8,2014,153
9,8,2014,107
10,8,2014,86
11,8,2014,108
12,8,2014,108
13,8,2014,121
14,8,2014,134
15,8,2014,145
16,8,2014,112
17,8,2014,67
18,8,2014,54
19,8,2014,112
20,8,2014,115
21,8,2014,107
22,8,2014,110
23,8,2014,130
24,8,2014,72
25,8,2014,118
26,8,2014,127
27,8,2014,91
28,8,2014,132
29,8,2014,124
30,8,2014,116
31,8,2014,82
1,9,2014,113
2,9,2014,81
3,9,2014,120
4,9,2014,113
5,9,2014,134
6,9,2014,101
7,9,2014,68
8,9,2014,124
9,9,2014,110
10,9,2014,125
11,9,2014,151
12,9,2014,132
13,9,2014,102
14,9,2014,83
15,9,2014,120
16,9,2014,129
17,9,2014,137
18,9,2014,146
19,9,2014,127
20,9,2014,115
21,9,2014,94
22,9,2014,114
23,9,2014,123
24,9,2014,102
25,9,2014,113
26,9,2014,128
27,9,2014,110
28,9,2014,70
29,9,2014,124
30,9,2014,143
1,10,2014,111
2,10,2014,106
3,10,2014,118
4,10,2014,126
5,10,2014,101
6,10,2014,109
7,10,2014,105
8,10,2014,94
9,10,2014,116
10,10,2014,105
11,10,2014,112
12,10,2014,56
13,10,2014,63
14,10,2014,139
15,10,2014,112
16,10,2014,104
17,10,2014,120
18,10,2014,102
19,10,2014,82
20,10,2014,94
21,10,2014,111
22,10,2014,142
23,10,2014,119
24,10,2014,113
25,10,2014,123
26,10,2014,80
27,10,2014,104
28,10,2014,109
29,10,2014,134
30,10,2014,128
31,10,2014,123
1,11,2014,107
2,11,2014,65
3,11,2014,61
4,11,2014,109
5,11,2014,125
6,11,2014,112
7,11,2014,130
8,11,2014,105
9,11,2014,70
10,11,2014,121
11,11,2014,114
12,11,2014,116
13,11,2014,99
14,11,2014,128
15,11,2014,133
16,11,2014,75
17,11,2014,76
18,11,2014,106
19,11,2014,119
20,11,2014,109
21,11,2014,133
22,11,2014,111
23,11,2014,74
24,11,2014,113
25,11,2014,133
26,11,2014,114
27,11,2014,133
28,11,2014,129
29,11,2014,115
30,11,2014,78
1,12,2014,124
2,12,2014,112
3,12,2014,135
4,12,2014,105
5,12,2014,142
6,12,2014,120
7,12,2014,92
8,12,2014,72
9,12,2014,131
10,12,2014,105
11,12,2014,119
12,12,2014,128
13,12,2014,97
14,12,2014,91
15,12,2014,105
16,12,2014,132
17,12,2014,125
18,12,2014,133
19,12,2014,120
20,12,2014,108
21,12,2014,96
22,12,2014,132
23,12,2014,130
24,12,2014,104
25,12,2014,75
26,12,2014,107
27,12,2014,86
28,12,2014,62
29,12,2014,118
30,12,2014,112
31,12,2014,77
1,1,2015,64
2,1,2015,68
3,1,2015,70
4,1,2015,52
5,1,2015,74
6,1,2015,94
7,1,2015,81
8,1,2015,78
9,1,2015,95
10,1,2015,84
11,1,2015,60
12,1,2015,52
13,1,2015,154
14,1,2015,100
15,1,2015,92
16,1,2015,105
17,1,2015,104
18,1,2015,62
19,1,2015,94
20,1,2015,130
21,1,2015,120
22,1,2015,133
23,1,2015,100
24,1,2015,99
25,1,2015,74
26,1,2015,101
27,1,2015,116
28,1,2015,91
29,1,2015,118
30,1,2015,90
31,1,2015,103
1,2,2015,71
2,2,2015,126
3,2,2015,135
4,2,2015,95
5,2,2015,130
6,2,2015,139
7,2,2015,101
8,2,2015,90
9,2,2015,139
10,2,2015,136
11,2,2015,101
12,2,2015,123
13,2,2015,133
14,2,2015,102
15,2,2015,85
16,2,2015,123
17,2,2015,125
18,2,2015,112
19,2,2015,130
20,2,2015,133
21,2,2015,105
22,2,2015,65
23,2,2015,111
24,2,2015,119
25,2,2015,118
26,2,2015,119
27,2,2015,118
28,2,2015,112
1,3,2015,95
2,3,2015,117
3,3,2015,124
4,3,2015,127
5,3,2015,121
6,3,2015,122
7,3,2015,112
8,3,2015,89
9,3,2015,116
10,3,2015,149
11,3,2015,101
12,3,2015,131
13,3,2015,116
14,3,2015,114
15,3,2015,87
16,3,2015,127
17,3,2015,125
18,3,2015,108
19,3,2015,137
20,3,2015,122
21,3,2015,132
22,3,2015,76
23,3,2015,67
24,3,2015,129
25,3,2015,135
26,3,2015,112
27,3,2015,126
28,3,2015,110
29,3,2015,70
30,3,2015,124
31,3,2015,99
1,4,2015,115
2,4,2015,60
3,4,2015,35
4,4,2015,69
5,4,2015,56
6,4,2015,124
7,4,2015,103
8,4,2015,132
9,4,2015,116
10,4,2015,141
11,4,2015,118
12,4,2015,72
13,4,2015,135
14,4,2015,108
15,4,2015,105
16,4,2015,135
17,4,2015,140
18,4,2015,117
19,4,2015,53
20,4,2015,136
21,4,2015,147
22,4,2015,101
23,4,2015,145
24,4,2015,147
25,4,2015,111
26,4,2015,93
27,4,2015,131
28,4,2015,135
29,4,2015,132
30,4,2015,132
1,5,2015,78
2,5,2015,109
3,5,2015,79
4,5,2015,139
5,5,2015,112
6,5,2015,114
7,5,2015,141
8,5,2015,117
9,5,2015,143
10,5,2015,103
11,5,2015,136
12,5,2015,150
13,5,2015,123
14,5,2015,108
15,5,2015,136
16,5,2015,131
17,5,2015,65
18,5,2015,77
19,5,2015,133
20,5,2015,120
21,5,2015,132
22,5,2015,147
23,5,2015,114
24,5,2015,62
25,5,2015,137
26,5,2015,113
27,5,2015,124
28,5,2015,116
29,5,2015,122
30,5,2015,115
31,5,2015,90
1,6,2015,131
2,6,2015,118
3,6,2015,150
4,6,2015,114
5,6,2015,119
6,6,2015,136
7,6,2015,78
8,6,2015,66
9,6,2015,124
10,6,2015,133
11,6,2015,111
12,6,2015,123
13,6,2015,88
14,6,2015,70
15,6,2015,70
16,6,2015,125
17,6,2015,112
18,6,2015,110
19,6,2015,134
20,6,2015,108
21,6,2015,71
22,6,2015,93
23,6,2015,116
24,6,2015,123
25,6,2015,98
26,6,2015,120
27,6,2015,109
28,6,2015,37
29,6,2015,62
30,6,2015,126
1,7,2015,110
2,7,2015,112
3,7,2015,103
4,7,2015,114
5,7,2015,69
6,7,2015,139
7,7,2015,129
8,7,2015,137
9,7,2015,122
10,7,2015,123
11,7,2015,107
12,7,2015,86
13,7,2015,134
14,7,2015,129
15,7,2015,147
16,7,2015,121
17,7,2015,143
18,7,2015,119
19,7,2015,74
20,7,2015,74
21,7,2015,125
22,7,2015,108
23,7,2015,115
24,7,2015,120
25,7,2015,124
26,7,2015,60
27,7,2015,129
28,7,2015,132
29,7,2015,140
30,7,2015,119
31,7,2015,128
1,8,2015,111
2,8,2015,96
3,8,2015,141
4,8,2015,138
5,8,2015,144
6,8,2015,139
7,8,2015,94
8,8,2015,131
9,8,2015,79
10,8,2015,119
11,8,2015,128
12,8,2015,101
13,8,2015,114
14,8,2015,139
15,8,2015,128
16,8,2015,90
17,8,2015,73
18,8,2015,179
19,8,2015,110
20,8,2015,118
21,8,2015,105
22,8,2015,88
23,8,2015,68
24,8,2015,141
25,8,2015,115
26,8,2015,120
27,8,2015,126
28,8,2015,174
29,8,2015,128
30,8,2015,83
31,8,2015,118
1,9,2015,125
2,9,2015,127
3,9,2015,123
4,9,2015,147
5,9,2015,106
6,9,2015,91
7,9,2015,136
8,9,2015,103
9,9,2015,129
10,9,2015,147
11,9,2015,158
12,9,2015,125
13,9,2015,87
14,9,2015,149
15,9,2015,118
16,9,2015,127
17,9,2015,157
18,9,2015,156
19,9,2015,123
20,9,2015,71
21,9,2015,136
22,9,2015,110
23,9,2015,110
24,9,2015,139
25,9,2015,123
26,9,2015,105
27,9,2015,78
28,9,2015,122
29,9,2015,122
30,9,2015,134
1,10,2015,143
2,10,2015,133
3,10,2015,110
4,10,2015,77
5,10,2015,125
6,10,2015,134
7,10,2015,116
8,10,2015,115
9,10,2015,109
10,10,2015,121
11,10,2015,69
12,10,2015,67
13,10,2015,155
14,10,2015,106
15,10,2015,119
16,10,2015,137
17,10,2015,128
18,10,2015,75
19,10,2015,140
20,10,2015,136
21,10,2015,117
22,10,2015,121
23,10,2015,115
24,10,2015,112
25,10,2015,62
26,10,2015,107
27,10,2015,98
28,10,2015,108
29,10,2015,131
30,10,2015,151
31,10,2015,125
1,11,2015,71
2,11,2015,56
3,11,2015,116
4,11,2015,117
5,11,2015,132
6,11,2015,129
7,11,2015,118
8,11,2015,70
9,11,2015,109
10,11,2015,144
11,11,2015,140
12,11,2015,106
13,11,2015,127
14,11,2015,93
15,11,2015,63
16,11,2015,71
17,11,2015,137
18,11,2015,129
19,11,2015,119
20,11,2015,126
21,11,2015,107
22,11,2015,79
23,11,2015,133
24,11,2015,119
25,11,2015,124
26,11,2015,127
27,11,2015,127
28,11,2015,120
29,11,2015,67
30,11,2015,109
1,12,2015,132
2,12,2015,131
3,12,2015,147
4,12,2015,117
5,12,2015,139
6,12,2015,58
7,12,2015,154
8,12,2015,94
9,12,2015,126
10,12,2015,127
11,12,2015,107
12,12,2015,135
13,12,2015,92
14,12,2015,136
15,12,2015,136
16,12,2015,154
17,12,2015,113
18,12,2015,133
19,12,2015,124
20,12,2015,95
21,12,2015,117
22,12,2015,134
23,12,2015,116
24,12,2015,122
25,12,2015,60
26,12,2015,74
27,12,2015,59
28,12,2015,89
29,12,2015,96
30,12,2015,110
31,12,2015,72
1,1,2016,61
2,1,2016,56
3,1,2016,56
4,1,2016,87
5,1,2016,85
6,1,2016,88
7,1,2016,90
8,1,2016,93
9,1,2016,71
10,1,2016,62
11,1,2016,51
12,1,2016,102
13,1,2016,111
14,1,2016,98
15,1,2016,106
16,1,2016,119
17,1,2016,60
18,1,2016,127
19,1,2016,128
20,1,2016,125
21,1,2016,105
22,1,2016,130
23,1,2016,96
24,1,2016,69
25,1,2016,110
26,1,2016,120
27,1,2016,122
28,1,2016,114
29,1,2016,132
30,1,2016,98
31,1,2016,75
1,2,2016,121
2,2,2016,143
3,2,2016,124
4,2,2016,128
5,2,2016,118
6,2,2016,128
7,2,2016,84
8,2,2016,123
9,2,2016,126
10,2,2016,123
11,2,2016,166
12,2,2016,99
13,2,2016,120
14,2,2016,66
15,2,2016,119
16,2,2016,119
17,2,2016,168
18,2,2016,130
19,2,2016,140
20,2,2016,137
21,2,2016,68
22,2,2016,129
23,2,2016,113
24,2,2016,105
25,2,2016,110
26,2,2016,126
27,2,2016,116
28,2,2016,68
29,2,2016,129
1,3,2016,134
2,3,2016,96
3,3,2016,113
4,3,2016,121
5,3,2016,148
6,3,2016,77
7,3,2016,153
8,3,2016,123
9,3,2016,114
10,3,2016,155
11,3,2016,155
12,3,2016,124
13,3,2016,78
14,3,2016,151
15,3,2016,120
16,3,2016,127
17,3,2016,161
18,3,2016,139
19,3,2016,135
20,3,2016,70
21,3,2016,66
22,3,2016,109
23,3,2016,119
24,3,2016,46
25,3,2016,28
26,3,2016,75
27,3,2016,62
28,3,2016,142
29,3,2016,110
30,3,2016,128
31,3,2016,115
1,4,2016,115
2,4,2016,71
3,4,2016,38
4,4,2016,124
5,4,2016,132
6,4,2016,149
7,4,2016,109
8,4,2016,183
9,4,2016,112
10,4,2016,89
11,4,2016,138
12,4,2016,132
13,4,2016,107
14,4,2016,127
15,4,2016,147
16,4,2016,108
17,4,2016,82
18,4,2016,144
19,4,2016,114
20,4,2016,131
21,4,2016,128
22,4,2016,83
23,4,2016,104
24,4,2016,85
25,4,2016,123
26,4,2016,119
27,4,2016,133
28,4,2016,131
29,4,2016,145
30,4,2016,120
1,5,2016,83
2,5,2016,105
3,5,2016,112
4,5,2016,118
5,5,2016,135
6,5,2016,160
7,5,2016,132
8,5,2016,84
9,5,2016,76
10,5,2016,128
11,5,2016,133
12,5,2016,126
13,5,2016,134
14,5,2016,100
15,5,2016,85
16,5,2016,134
17,5,2016,152
18,5,2016,117
19,5,2016,151
20,5,2016,116
21,5,2016,131
22,5,2016,68
23,5,2016,135
24,5,2016,119
25,5,2016,125
26,5,2016,132
27,5,2016,107
28,5,2016,108
29,5,2016,60
30,5,2016,56
31,5,2016,64
1,6,2016,107
2,6,2016,125
3,6,2016,116
4,6,2016,113
5,6,2016,62
6,6,2016,61
7,6,2016,132
8,6,2016,94
9,6,2016,106
10,6,2016,115
11,6,2016,125
12,6,2016,88
13,6,2016,122
14,6,2016,133
15,6,2016,126
16,6,2016,120
17,6,2016,115
18,6,2016,150
19,6,2016,81
20,6,2016,128
21,6,2016,129
22,6,2016,130
23,6,2016,146
24,6,2016,102
25,6,2016,104
26,6,2016,70
27,6,2016,109
28,6,2016,124
29,6,2016,92
30,6,2016,55
1,7,2016,103
2,7,2016,123
3,7,2016,53
4,7,2016,62
5,7,2016,118
6,7,2016,107
7,7,2016,123
8,7,2016,131
9,7,2016,156
10,7,2016,73
11,7,2016,110
12,7,2016,115
13,7,2016,119
14,7,2016,128
15,7,2016,165
16,7,2016,101
17,7,2016,84
18,7,2016,137
19,7,2016,130
20,7,2016,72
21,7,2016,110
22,7,2016,111
23,7,2016,129
24,7,2016,63
25,7,2016,125
26,7,2016,123
27,7,2016,158
28,7,2016,140
29,7,2016,142
30,7,2016,120
31,7,2016,77
1,8,2016,141
2,8,2016,144
3,8,2016,135
4,8,2016,152
5,8,2016,153
6,8,2016,133
7,8,2016,93
8,8,2016,115
9,8,2016,141
10,8,2016,132
11,8,2016,141
12,8,2016,124
13,8,2016,129
14,8,2016,62
15,8,2016,52
16,8,2016,142
17,8,2016,128
18,8,2016,154
19,8,2016,144
20,8,2016,123
21,8,2016,77
22,8,2016,131
23,8,2016,136
24,8,2016,121
25,8,2016,153
26,8,2016,139
27,8,2016,101
28,8,2016,74
29,8,2016,128
30,8,2016,105
31,8,2016,90
1,9,2016,117
2,9,2016,154
3,9,2016,136
4,9,2016,72
5,9,2016,124
6,9,2016,131
7,9,2016,119
8,9,2016,141
9,9,2016,109
10,9,2016,130
11,9,2016,64
12,9,2016,143
13,9,2016,113
14,9,2016,120
15,9,2016,150
16,9,2016,148
17,9,2016,132
18,9,2016,72
19,9,2016,113
20,9,2016,131
21,9,2016,133
22,9,2016,134
23,9,2016,145
24,9,2016,124
25,9,2016,81
26,9,2016,131
27,9,2016,129
28,9,2016,135
29,9,2016,121
30,9,2016,111
1,10,2016,111
2,10,2016,94
3,10,2016,140
4,10,2016,130
5,10,2016,128
6,10,2016,144
7,10,2016,171
8,10,2016,128
9,10,2016,89
10,10,2016,132
11,10,2016,130
12,10,2016,141
13,10,2016,104
14,10,2016,135
15,10,2016,112
16,10,2016,76
17,10,2016,68
18,10,2016,154
19,10,2016,123
20,10,2016,115
21,10,2016,144
22,10,2016,107
23,10,2016,87
24,10,2016,127
25,10,2016,130
26,10,2016,108
27,10,2016,147
28,10,2016,151
29,10,2016,125
30,10,2016,77
31,10,2016,126
1,11,2016,137
2,11,2016,128
3,11,2016,140
4,11,2016,134
5,11,2016,109
6,11,2016,78
7,11,2016,65
8,11,2016,127
9,11,2016,113
10,11,2016,117
11,11,2016,132
12,11,2016,121
13,11,2016,74
14,11,2016,61
15,11,2016,150
16,11,2016,116
17,11,2016,138
18,11,2016,146
19,11,2016,118
20,11,2016,65
21,11,2016,165
22,11,2016,109
23,11,2016,139
24,11,2016,115
25,11,2016,148
26,11,2016,110
27,11,2016,78
28,11,2016,118
29,11,2016,101
30,11,2016,123
1,12,2016,88
2,12,2016,132
3,12,2016,106
4,12,2016,81
5,12,2016,138
6,12,2016,118
7,12,2016,124
8,12,2016,63
9,12,2016,112
10,12,2016,120
11,12,2016,80
12,12,2016,115
13,12,2016,115
14,12,2016,109
15,12,2016,126
16,12,2016,152
17,12,2016,137
18,12,2016,86
19,12,2016,127
20,12,2016,144
21,12,2016,158
22,12,2016,118
23,12,2016,128
24,12,2016,87
25,12,2016,62
26,12,2016,95
27,12,2016,102
28,12,2016,113
29,12,2016,95
30,12,2016,119
31,12,2016,79
1,1,2017,69
2,1,2017,77
3,1,2017,84
4,1,2017,72
5,1,2017,98
6,1,2017,70
7,1,2017,82
8,1,2017,49
9,1,2017,44
10,1,2017,91
11,1,2017,113
12,1,2017,86
13,1,2017,126
14,1,2017,103
15,1,2017,80
16,1,2017,159
17,1,2017,112
18,1,2017,103
19,1,2017,127
20,1,2017,125
21,1,2017,99
22,1,2017,70
23,1,2017,117
24,1,2017,131
25,1,2017,90
26,1,2017,119
27,1,2017,150
28,1,2017,95
29,1,2017,59
30,1,2017,110
31,1,2017,138
1,2,2017,110
2,2,2017,126
3,2,2017,139
4,2,2017,114
5,2,2017,88
6,2,2017,119
7,2,2017,146
8,2,2017,129
9,2,2017,119
10,2,2017,147
11,2,2017,102
12,2,2017,69
13,2,2017,94
14,2,2017,127
15,2,2017,117
16,2,2017,126
17,2,2017,127
18,2,2017,134
19,2,2017,67
20,2,2017,147
21,2,2017,154
22,2,2017,153
23,2,2017,130
24,2,2017,140
25,2,2017,131
26,2,2017,71
27,2,2017,125
28,2,2017,134
1,3,2017,125
2,3,2017,108
3,3,2017,101
4,3,2017,127
5,3,2017,67
6,3,2017,104
7,3,2017,137
8,3,2017,163
9,3,2017,136
10,3,2017,124
11,3,2017,116
12,3,2017,65
13,3,2017,105
14,3,2017,134
15,3,2017,121
16,3,2017,127
17,3,2017,117
18,3,2017,99
19,3,2017,70
20,3,2017,64
21,3,2017,141
22,3,2017,113
23,3,2017,80
24,3,2017,121
25,3,2017,95
26,3,2017,87
27,3,2017,106
28,3,2017,123
29,3,2017,124
30,3,2017,155
31,3,2017,143
1,4,2017,141
2,4,2017,63
3,4,2017,149
4,4,2017,121
5,4,2017,112
6,4,2017,130
7,4,2017,151
8,4,2017,108
9,4,2017,63
10,4,2017,128
11,4,2017,99
12,4,2017,147
13,4,2017,52
14,4,2017,42
15,4,2017,71
16,4,2017,52
17,4,2017,103
18,4,2017,135
19,4,2017,104
20,4,2017,127
21,4,2017,89
22,4,2017,109
23,4,2017,77
24,4,2017,126
25,4,2017,139
26,4,2017,160
27,4,2017,113
28,4,2017,146
29,4,2017,119
30,4,2017,60
1,5,2017,82
2,5,2017,164
3,5,2017,120
4,5,2017,118
5,5,2017,135
6,5,2017,129
7,5,2017,55
8,5,2017,131
9,5,2017,122
10,5,2017,117
11,5,2017,115
12,5,2017,138
13,5,2017,110
14,5,2017,97
15,5,2017,144
16,5,2017,116
17,5,2017,119
18,5,2017,124
19,5,2017,142
20,5,2017,92
21,5,2017,73
22,5,2017,126
23,5,2017,135
24,5,2017,113
25,5,2017,111
26,5,2017,150
27,5,2017,101
28,5,2017,78
29,5,2017,82
30,5,2017,131
31,5,2017,142
1,6,2017,127
2,6,2017,128
3,6,2017,128
4,6,2017,66
5,6,2017,104
6,6,2017,122
7,6,2017,150
8,6,2017,113
9,6,2017,136
10,6,2017,132
11,6,2017,80
12,6,2017,114
13,6,2017,121
14,6,2017,146
15,6,2017,123
16,6,2017,122
17,6,2017,119
18,6,2017,92
19,6,2017,72
20,6,2017,106
21,6,2017,110
22,6,2017,120
23,6,2017,112
24,6,2017,93
25,6,2017,59
26,6,2017,70
27,6,2017,103
28,6,2017,119
29,6,2017,110
30,6,2017,127
1,7,2017,113
2,7,2017,62
3,7,2017,60
4,7,2017,117
5,7,2017,126
6,7,2017,104
7,7,2017,125
8,7,2017,129
9,7,2017,71
10,7,2017,112
11,7,2017,128
12,7,2017,111
13,7,2017,114
14,7,2017,141
15,7,2017,122
16,7,2017,80
17,7,2017,123
18,7,2017,139
19,7,2017,143
20,7,2017,71
21,7,2017,141
22,7,2017,100
23,7,2017,62
24,7,2017,139
25,7,2017,142
26,7,2017,131
27,7,2017,131
28,7,2017,133
29,7,2017,122
30,7,2017,70
31,7,2017,141
1,8,2017,151
2,8,2017,135
3,8,2017,127
4,8,2017,210
5,8,2017,112
6,8,2017,84
7,8,2017,87
8,8,2017,129
9,8,2017,156
10,8,2017,114
11,8,2017,138
12,8,2017,112
13,8,2017,78
14,8,2017,136
15,8,2017,126
16,8,2017,148
17,8,2017,147
18,8,2017,151
19,8,2017,120
20,8,2017,57
21,8,2017,78
22,8,2017,109
23,8,2017,125
24,8,2017,130
25,8,2017,119
26,8,2017,118
27,8,2017,75
28,8,2017,148
29,8,2017,141
30,8,2017,100
31,8,2017,96
1,9,2017,166
2,9,2017,106
3,9,2017,74
4,9,2017,133
5,9,2017,136
6,9,2017,160
7,9,2017,156
8,9,2017,116
9,9,2017,99
10,9,2017,64
11,9,2017,134
12,9,2017,128
13,9,2017,114
14,9,2017,139
15,9,2017,136
16,9,2017,118
17,9,2017,84
18,9,2017,155
19,9,2017,140
20,9,2017,107
21,9,2017,122
22,9,2017,129
23,9,2017,119
24,9,2017,66
25,9,2017,131
26,9,2017,115
27,9,2017,113
28,9,2017,112
29,9,2017,142
30,9,2017,135
1,10,2017,82
2,10,2017,167
3,10,2017,137
4,10,2017,120
5,10,2017,124
6,10,2017,122
7,10,2017,97
8,10,2017,68
9,10,2017,94
10,10,2017,123
11,10,2017,98
12,10,2017,107
13,10,2017,125
14,10,2017,105
15,10,2017,69
16,10,2017,74
17,10,2017,132
18,10,2017,113
19,10,2017,101
20,10,2017,141
21,10,2017,139
22,10,2017,63
23,10,2017,118
24,10,2017,119
25,10,2017,134
26,10,2017,99
27,10,2017,139
28,10,2017,127
29,10,2017,64
30,10,2017,126
31,10,2017,148
1,11,2017,121
2,11,2017,132
3,11,2017,124
4,11,2017,115
5,11,2017,63
6,11,2017,62
7,11,2017,120
8,11,2017,123
9,11,2017,113
10,11,2017,102
11,11,2017,99
12,11,2017,71
13,11,2017,65
14,11,2017,153
15,11,2017,116
16,11,2017,158
17,11,2017,139
18,11,2017,122
19,11,2017,59
20,11,2017,109
21,11,2017,91
22,11,2017,138
23,11,2017,107
24,11,2017,130
25,11,2017,106
26,11,2017,74
27,11,2017,128
28,11,2017,122
29,11,2017,125
30,11,2017,123
1,12,2017,132
2,12,2017,125
3,12,2017,68
4,12,2017,118
5,12,2017,151
6,12,2017,116
7,12,2017,126
8,12,2017,76
9,12,2017,118
10,12,2017,70
11,12,2017,140
12,12,2017,120
13,12,2017,95
14,12,2017,105
15,12,2017,138
16,12,2017,114
17,12,2017,87
18,12,2017,132
19,12,2017,130
20,12,2017,137
21,12,2017,123
22,12,2017,141
23,12,2017,135
24,12,2017,79
25,12,2017,61
26,12,2017,105
27,12,2017,87
28,12,2017,107
29,12,2017,113
30,12,2017,80
31,12,2017,69
1,1,2018,60
2,1,2018,101
3,1,2018,100
4,1,2018,90
5,1,2018,83
6,1,2018,77
7,1,2018,42
8,1,2018,35
9,1,2018,94
10,1,2018,105
11,1,2018,91
12,1,2018,93
13,1,2018,64
14,1,2018,51
15,1,2018,111
16,1,2018,108
17,1,2018,129
18,1,2018,107
19,1,2018,131
20,1,2018,110
21,1,2018,79
22,1,2018,103
23,1,2018,111
24,1,2018,104
25,1,2018,104
26,1,2018,132
27,1,2018,94
28,1,2018,61
29,1,2018,90
30,1,2018,103
31,1,2018,93
1,2,2018,98
2,2,2018,161
3,2,2018,109
4,2,2018,64
5,2,2018,113
6,2,2018,120
7,2,2018,124
8,2,2018,111
9,2,2018,121
10,2,2018,107
11,2,2018,55
12,2,2018,142
13,2,2018,150
14,2,2018,123
15,2,2018,112
16,2,2018,132
17,2,2018,131
18,2,2018,71
19,2,2018,126
20,2,2018,111
21,2,2018,121
22,2,2018,125
23,2,2018,139
24,2,2018,99
25,2,2018,73
26,2,2018,113
27,2,2018,84
28,2,2018,112
1,3,2018,133
2,3,2018,117
3,3,2018,131
4,3,2018,72
5,3,2018,135
6,3,2018,128
7,3,2018,95
8,3,2018,87
9,3,2018,108
10,3,2018,121
11,3,2018,74
12,3,2018,127
13,3,2018,122
14,3,2018,113
15,3,2018,140
16,3,2018,125
17,3,2018,114
18,3,2018,66
19,3,2018,61
20,3,2018,142
21,3,2018,126
22,3,2018,104
23,3,2018,113
24,3,2018,119
25,3,2018,67
26,3,2018,122
27,3,2018,109
28,3,2018,108
29,3,2018,62
30,3,2018,32
31,3,2018,68
1,4,2018,61
2,4,2018,130
3,4,2018,115
4,4,2018,111
5,4,2018,132
6,4,2018,133
7,4,2018,108
8,4,2018,76
9,4,2018,125
10,4,2018,139
11,4,2018,111
12,4,2018,113
13,4,2018,112
14,4,2018,104
15,4,2018,55
16,4,2018,136
17,4,2018,104
18,4,2018,106
19,4,2018,117
20,4,2018,119
21,4,2018,104
22,4,2018,84
23,4,2018,140
24,4,2018,75
25,4,2018,128
26,4,2018,123
27,4,2018,127
28,4,2018,109
29,4,2018,67
30,4,2018,107
1,5,2018,51
2,5,2018,136
3,5,2018,130
4,5,2018,117
5,5,2018,105
6,5,2018,62
7,5,2018,103
8,5,2018,119
9,5,2018,116
10,5,2018,120
11,5,2018,150
12,5,2018,123
13,5,2018,95
14,5,2018,70
15,5,2018,135
16,5,2018,107
17,5,2018,104
18,5,2018,122
19,5,2018,118
20,5,2018,67
21,5,2018,103
22,5,2018,139
23,5,2018,135
24,5,2018,119
25,5,2018,133
26,5,2018,118
27,5,2018,73
28,5,2018,129
29,5,2018,105
30,5,2018,127
31,5,2018,83
1,6,2018,127
2,6,2018,125
3,6,2018,76
4,6,2018,73
5,6,2018,114
6,6,2018,106
7,6,2018,113
8,6,2018,127
9,6,2018,114
10,6,2018,71
11,6,2018,79
12,6,2018,132
13,6,2018,142
14,6,2018,108
15,6,2018,110
16,6,2018,102
17,6,2018,79
18,6,2018,103
19,6,2018,92
20,6,2018,114
21,6,2018,105
22,6,2018,132
23,6,2018,140
24,6,2018,87
25,6,2018,125
26,6,2018,90
27,6,2018,107
28,6,2018,104
29,6,2018,98
30,6,2018,105
1,7,2018,58
2,7,2018,76
3,7,2018,118
4,7,2018,123
5,7,2018,91
6,7,2018,93
7,7,2018,86
8,7,2018,52
9,7,2018,121
10,7,2018,95
11,7,2018,111
12,7,2018,118
13,7,2018,125
14,7,2018,110
15,7,2018,60
16,7,2018,135
17,7,2018,121
18,7,2018,114
19,7,2018,134
20,7,2018,75
21,7,2018,126
22,7,2018,60
23,7,2018,140
24,7,2018,121
25,7,2018,96
26,7,2018,134
27,7,2018,130
28,7,2018,109
29,7,2018,68
30,7,2018,132
31,7,2018,101
1,8,2018,121
2,8,2018,110
3,8,2018,142
4,8,2018,134
5,8,2018,65
6,8,2018,110
7,8,2018,71
8,8,2018,127
9,8,2018,109
10,8,2018,133
11,8,2018,137
12,8,2018,75
13,8,2018,126
14,8,2018,126
15,8,2018,139
16,8,2018,126
17,8,2018,120
18,8,2018,123
19,8,2018,59
20,8,2018,67
21,8,2018,130
22,8,2018,104
23,8,2018,108
24,8,2018,161
25,8,2018,102
26,8,2018,66
27,8,2018,151
28,8,2018,94
29,8,2018,131
30,8,2018,102
31,8,2018,112
1,9,2018,104
2,9,2018,66
3,9,2018,107
4,9,2018,136
5,9,2018,125
6,9,2018,113
7,9,2018,137
8,9,2018,121
9,9,2018,71
10,9,2018,94
11,9,2018,120
12,9,2018,122
13,9,2018,109
14,9,2018,137
15,9,2018,125
16,9,2018,64
17,9,2018,135
18,9,2018,122
19,9,2018,120
20,9,2018,101
21,9,2018,121
22,9,2018,112
23,9,2018,66
24,9,2018,103
25,9,2018,136
26,9,2018,107
27,9,2018,139
28,9,2018,158
29,9,2018,118
30,9,2018,54
1,10,2018,115
2,10,2018,115
3,10,2018,119
4,10,2018,132
5,10,2018,130
6,10,2018,103
7,10,2018,74
8,10,2018,105
9,10,2018,123
10,10,2018,108
11,10,2018,115
12,10,2018,131
13,10,2018,105
14,10,2018,63
15,10,2018,57
16,10,2018,108
17,10,2018,117
18,10,2018,113
19,10,2018,112
20,10,2018,122
21,10,2018,63
22,10,2018,109
23,10,2018,104
24,10,2018,118
25,10,2018,130
26,10,2018,116
27,10,2018,111
28,10,2018,64
29,10,2018,123
30,10,2018,158
31,10,2018,141
1,11,2018,124
2,11,2018,121
3,11,2018,128
4,11,2018,68
5,11,2018,64
6,11,2018,149
7,11,2018,105
8,11,2018,109
9,11,2018,113
10,11,2018,93
11,11,2018,65
12,11,2018,66
13,11,2018,152
14,11,2018,116
15,11,2018,105
16,11,2018,133
17,11,2018,116
18,11,2018,71
19,11,2018,133
20,11,2018,135
21,11,2018,112
22,11,2018,97
23,11,2018,129
24,11,2018,116
25,11,2018,70
26,11,2018,116
27,11,2018,112
28,11,2018,112
29,11,2018,94
30,11,2018,54
1,12,2018,124
2,12,2018,75
3,12,2018,127
4,12,2018,127
5,12,2018,126
6,12,2018,143
7,12,2018,117
8,12,2018,74
9,12,2018,74
10,12,2018,126
11,12,2018,116
12,12,2018,153
13,12,2018,123
14,12,2018,103
15,12,2018,94
16,12,2018,84
17,12,2018,111
18,12,2018,121
19,12,2018,112
20,12,2018,131
21,12,2018,126
22,12,2018,112
23,12,2018,86
24,12,2018,115
25,12,2018,72
26,12,2018,109
27,12,2018,102
28,12,2018,101
29,12,2018,86
30,12,2018,54
31,12,2018,74
1,1,2019,59
2,1,2019,85
3,1,2019,88
4,1,2019,88
5,1,2019,66
6,1,2019,48
7,1,2019,42
8,1,2019,103
9,1,2019,79
10,1,2019,87
11,1,2019,88
12,1,2019,95
13,1,2019,56
14,1,2019,88
15,1,2019,106
16,1,2019,110
17,1,2019,128
18,1,2019,111
19,1,2019,101
20,1,2019,53
21,1,2019,111
22,1,2019,113
23,1,2019,122
24,1,2019,111
25,1,2019,112
26,1,2019,102
27,1,2019,65
28,1,2019,123
29,1,2019,104
30,1,2019,115
31,1,2019,67
1,2,2019,138
2,2,2019,100
3,2,2019,72
4,2,2019,113
5,2,2019,115
6,2,2019,99
7,2,2019,123
8,2,2019,124
9,2,2019,89
10,2,2019,64
11,2,2019,114
12,2,2019,138
13,2,2019,110
14,2,2019,158
15,2,2019,100
16,2,2019,121
17,2,2019,70
18,2,2019,118
19,2,2019,120
20,2,2019,114
21,2,2019,129
22,2,2019,123
23,2,2019,88
24,2,2019,56
25,2,2019,103
26,2,2019,109
27,2,2019,122
28,2,2019,99
1,3,2019,112
2,3,2019,94
3,3,2019,80
4,3,2019,123
5,3,2019,134
6,3,2019,109
7,3,2019,73
8,3,2019,81
9,3,2019,106
10,3,2019,62
11,3,2019,123
12,3,2019,123
13,3,2019,110
14,3,2019,95
15,3,2019,122
16,3,2019,112
17,3,2019,60
18,3,2019,120
19,3,2019,108
20,3,2019,101
21,3,2019,132
22,3,2019,134
23,3,2019,97
24,3,2019,52
25,3,2019,60
26,3,2019,108
27,3,2019,100
28,3,2019,122
29,3,2019,80
30,3,2019,87
31,3,2019,42
1,4,2019,135
2,4,2019,126
3,4,2019,116
4,4,2019,138
5,4,2019,128
6,4,2019,124
7,4,2019,67
8,4,2019,130
9,4,2019,118
10,4,2019,123
11,4,2019,106
12,4,2019,128
13,4,2019,105
14,4,2019,72
15,4,2019,122
16,4,2019,87
17,4,2019,109
18,4,2019,43
19,4,2019,37
20,4,2019,68
21,4,2019,64
22,4,2019,113
23,4,2019,75
24,4,2019,121
25,4,2019,119
26,4,2019,139
27,4,2019,86
28,4,2019,59
29,4,2019,88
30,4,2019,99
1,5,2019,53
2,5,2019,128
3,5,2019,132
4,5,2019,112
5,5,2019,78
6,5,2019,113
7,5,2019,112
8,5,2019,148
9,5,2019,156
10,5,2019,145
11,5,2019,124
12,5,2019,63
13,5,2019,115
14,5,2019,111
15,5,2019,94
16,5,2019,125
17,5,2019,136
18,5,2019,86
19,5,2019,66
20,5,2019,99
21,5,2019,128
22,5,2019,132
23,5,2019,120
24,5,2019,115
25,5,2019,119
26,5,2019,72
27,5,2019,105
28,5,2019,97
29,5,2019,120
30,5,2019,71
31,5,2019,85
1,6,2019,121
2,6,2019,82
3,6,2019,68
4,6,2019,126
5,6,2019,121
6,6,2019,108
7,6,2019,127
8,6,2019,131
9,6,2019,77
10,6,2019,115
11,6,2019,127
12,6,2019,82
13,6,2019,116
14,6,2019,146
15,6,2019,117
16,6,2019,74
17,6,2019,103
18,6,2019,117
19,6,2019,102
20,6,2019,89
21,6,2019,107
22,6,2019,134
23,6,2019,44
24,6,2019,77
25,6,2019,133
26,6,2019,117
27,6,2019,111
28,6,2019,113
29,6,2019,92
30,6,2019,69
1,7,2019,63
2,7,2019,137
3,7,2019,117
4,7,2019,81
5,7,2019,121
6,7,2019,96
7,7,2019,68
8,7,2019,102
9,7,2019,109
10,7,2019,112
11,7,2019,151
12,7,2019,128
13,7,2019,127
14,7,2019,60
15,7,2019,135
16,7,2019,134
17,7,2019,137
18,7,2019,126
19,7,2019,157
20,7,2019,96
21,7,2019,71
22,7,2019,142
23,7,2019,154
24,7,2019,124
25,7,2019,126
26,7,2019,119
27,7,2019,132
28,7,2019,76
29,7,2019,126
30,7,2019,141
31,7,2019,98
1,8,2019,131
2,8,2019,174
3,8,2019,148
4,8,2019,103
5,8,2019,163
6,8,2019,159
7,8,2019,69
8,8,2019,151
9,8,2019,143
10,8,2019,138
11,8,2019,89
12,8,2019,161
13,8,2019,119
14,8,2019,129
15,8,2019,123
16,8,2019,201
17,8,2019,132
18,8,2019,81
19,8,2019,72
20,8,2019,150
21,8,2019,119
22,8,2019,110
23,8,2019,112
24,8,2019,107
25,8,2019,76
26,8,2019,141
27,8,2019,131
28,8,2019,119
29,8,2019,123
30,8,2019,131
31,8,2019,133
1,9,2019,81
2,9,2019,140
3,9,2019,139
4,9,2019,103
5,9,2019,149
6,9,2019,199
7,9,2019,122
8,9,2019,91
9,9,2019,107
10,9,2019,147
11,9,2019,113
12,9,2019,160
13,9,2019,152
14,9,2019,108
15,9,2019,83
16,9,2019,152
17,9,2019,139
18,9,2019,157
19,9,2019,151
20,9,2019,141
21,9,2019,128
22,9,2019,80
23,9,2019,137
24,9,2019,146
25,9,2019,133
26,9,2019,127
27,9,2019,136
28,9,2019,149
29,9,2019,69
30,9,2019,125
